ticker,board,period,revenue,mom_pct,yoy_pct
1240,TPEx,11504,236451.0,-11.88019185402994,11.592445065317527
1259,TPEx,11504,488504.0,-5.658511714857359,1.9639111240985607
1264,TPEx,11504,630343.0,12.028514403826092,11.030809255987558
1268,TPEx,11504,514778.0,-11.847195275026928,25.421011597310205
1294,TPEx,11504,76653.0,0.7094714437743881,5.987030405265268
1295,TPEx,11504,104392.0,31.495943971381067,-10.244439285683578
1336,TPEx,11504,203814.0,-4.854069800011204,-8.904244287910752
1565,TPEx,11504,303813.0,-0.42770338033154387,-16.622848423640995
1569,TPEx,11504,266771.0,-28.542652727219156,-10.792952278404398
1570,TPEx,11504,55523.0,6.425025397251346,17.38229635737088
1580,TPEx,11504,417464.0,18.77183598684435,-10.130800561434931
1584,TPEx,11504,194181.0,30.373568234614815,-16.273865576654423
1586,TPEx,11504,206362.0,12.021148971050446,-4.542468845694831
1591,TPEx,11504,47510.0,-5.033181418405693,510.66838046272494
1593,TPEx,11504,122182.0,19.05676004872107,18.485259891388672
1595,TPEx,11504,57634.0,-13.400048082702249,-24.086879782932257
1599,TPEx,11504,158205.0,-35.72299191484175,7.998607394462345
1742,TPEx,11504,8624.0,18.477812886385493,-29.311475409836067
1777,TPEx,11504,101291.0,16.011728190033327,-7.522140052953529
1781,TPEx,11504,22159.0,-19.34262730681032,-3.227356100969517
1784,TPEx,11504,116501.0,-8.39099801843173,13.513329176085431
1785,TPEx,11504,5595664.0,-6.05447757209778,49.081148334792
1788,TPEx,11504,369637.0,-5.701719699888007,2.5590015926129395
1796,TPEx,11504,51412.0,-2.5383405053932626,-12.64633421119701
1799,TPEx,11504,88536.0,-11.57011586096684,240.44451280473737
1813,TPEx,11504,26637.0,-0.3926407897689029,-0.291970802919708
1815,TPEx,11504,733783.0,7.71774888470352,53.16278671723507
2035,TPEx,11504,1127727.0,23.67461753577891,-2.513900318808307
2061,TPEx,11504,118293.0,5.886301995220065,6.468597555487553
2063,TPEx,11504,86860.0,-0.23201856148491878,14.010448113826687
2064,TPEx,11504,161944.0,-6.065510060846515,24.737344794651385
2065,TPEx,11504,186175.0,0.019877725128667978,5.192530440432805
2066,TPEx,11504,231736.0,-8.823506267656063,8.613691541915466
2067,TPEx,11504,77022.0,-12.396355819428805,-22.965674507921268
2070,TPEx,11504,69750.0,-7.84293000026425,55.424827862825055
2073,TPEx,11504,66336.0,39.156702328508494,35.9650740945705
2221,TPEx,11504,140432.0,7.028427711302492,17.062761017980545
2230,TPEx,11504,181225.0,-18.4721484933824,77.86861915651653
2235,TPEx,11504,54143.0,6.894237033819668,5.954990215264188
2596,TPEx,11504,94157.0,7.313653977661272,-70.46444076388366
2640,TPEx,11504,277597.0,2.964336714823538,9.644559777864673
2641,TPEx,11504,197955.0,-3.8941430069522665,6.842150714062112
2643,TPEx,11504,609568.0,37.77322728577467,-17.537688986049936
2718,TPEx,11504,35779.0,11.774445485785693,-93.77469616431921
2719,TPEx,11504,122318.0,-18.41768268281621,-28.783856168052353
2724,TPEx,11504,31603.0,188.63823180199105,44.881492687846695
2726,TPEx,11504,36301.0,-34.813604367188624,-33.0622706570043
2729,TPEx,11504,497222.0,9.739017203897637,13.675946438410344
2732,TPEx,11504,432849.0,-5.6217185019798,32.15229988581478
2734,TPEx,11504,148873.0,-11.313325072677882,19.882913787827544
2736,TPEx,11504,47665.0,-5.462226541581547,18.416476199940377
2740,TPEx,11504,4152.0,-14.497528830313016,-58.98854207822995
2743,TPEx,11504,552525.0,9.783720953336578,4.6438954176570295
2745,TPEx,11504,811915.0,-12.397012554865496,11.522036836343508
2751,TPEx,11504,159191.0,6.327228522956491,33.5394139704217
2752,TPEx,11504,344560.0,3.5280543720592035,13.557266399493777
2754,TPEx,11504,442876.0,-3.5788153637816396,4.493782884647146
2755,TPEx,11504,279622.0,-0.46240758077893784,18.398611169919974
2756,TPEx,11504,91330.0,-20.080855457743397,-7.599073259072652
2916,TPEx,11504,176015.0,39.43438824414782,20.34966804099745
2924,TPEx,11504,3928.0,-4.124969489870637,-28.659644024700327
2926,TPEx,11504,570155.0,-0.6149737747153045,12.776474497687722
2937,TPEx,11504,435112.0,20.458899482852175,17.62994763435424
2941,TPEx,11504,66800.0,27.30356564328321,-9.364739084421046
2947,TPEx,11504,193204.0,-1.7138671129809282,7.690335382677376
2948,TPEx,11504,187738.0,1.362200685689604,-4.530938529758757
2949,TPEx,11504,511675.0,-12.369112413469475,25.69057041300348
3064,TPEx,11504,8052.0,22.8000610035077,15.193133047210301
3066,TPEx,11504,23648.0,6.359629396419898,22.59201658890617
3067,TPEx,11504,3246.0,-81.64961275368873,-7.097882083571838
3071,TPEx,11504,262303.0,6.302279211516016,31.347207338935014
3073,TPEx,11504,7800.0,-43.9735670162333,42.12827988338192
3078,TPEx,11504,605559.0,23.90080716938281,-45.80361250181234
3081,TPEx,11504,395349.0,15.155001616572342,115.38448966249898
3083,TPEx,11504,21091.0,-30.772008140221885,2.2544361485503734
3085,TPEx,11504,7831.0,56.83957540556779,96.80824327720532
3086,TPEx,11504,9039.0,-12.809877495900453,-7.225700502925177
3088,TPEx,11504,828116.0,-0.5199148531312617,65.88230816535429
3093,TPEx,11504,195589.0,293.9038143956177,-25.504661933636005
3095,TPEx,11504,73276.0,13.597395550732502,36.01113689095128
3105,TPEx,11504,1734086.0,5.1817965664153105,48.88999172301997
3114,TPEx,11504,270802.0,13.626712989770315,-6.538785427336858
3115,TPEx,11504,872.0,1.0428736964078795,
3118,TPEx,11504,58229.0,-17.196609880265065,-3.59915898216976
3122,TPEx,11504,29445.0,-8.030359820089956,-0.08483203257550051
3128,TPEx,11504,75107.0,-13.96875214771712,-17.47481073716364
3131,TPEx,11504,536413.0,9.73248751628866,-4.359694400613338
3141,TPEx,11504,151690.0,16.365059030201678,9.506071237781724
3147,TPEx,11504,1093294.0,31.37584295856225,90.07098363534266
3152,TPEx,11504,127134.0,5.0086726687040555,1.6478376628049218
3158,TPEx,11504,88068.0,-8.605230386052304,12.247160937559745
3162,TPEx,11504,685887.0,-11.429423705700959,-0.4547037821833909
3163,TPEx,11504,199142.0,-19.529807292108632,16.500912622267982
3169,TPEx,11504,80366.0,2.9422690184324125,0.11460746941724594
3171,TPEx,11504,285660.0,21.164564263961115,126.34781781876961
3176,TPEx,11504,94372.0,-6.0704083765464665,-10.29277566539924
3178,TPEx,11504,115006.0,-19.459073337441872,-2.8526055261312857
3188,TPEx,11504,285483.0,-55.74593086343203,914.834168710675
3191,TPEx,11504,15587.0,-13.246507485946458,-1.8945115810674724
3205,TPEx,11504,60396.0,-1.213647813144035,67.90192099191015
3206,TPEx,11504,280610.0,13.229550003228097,-7.8290003120432266
3207,TPEx,11504,132007.0,-23.457785148118727,-9.801094628666698
3211,TPEx,11504,1060190.0,-27.786810376946598,18.60792673581239
3213,TPEx,11504,308540.0,11.232884613998024,23.87682177701048
3217,TPEx,11504,316590.0,-10.522046583139968,-13.263726599507402
3218,TPEx,11504,380397.0,3.2136490545457503,7.265580279219809
3219,TPEx,11504,231582.0,63.76751126165944,30.261781282694535
3221,TPEx,11504,220010.0,17.617184158754597,13.649747399088778
3224,TPEx,11504,134156.0,-16.37098081262701,-4.021405524514047
3226,TPEx,11504,97826.0,-14.659338742039605,-54.68878822406877
3227,TPEx,11504,850195.0,13.056943694598182,4.21023085239126
3228,TPEx,11504,32369.0,22.721413406126782,-13.382392293283383
3230,TPEx,11504,34151.0,-14.468543378080545,17.636319796080052
3232,TPEx,11504,101257.0,26.28867908055725,21.43311147088805
3234,TPEx,11504,62453.0,-2.7302744291810734,12.178255168573635
3236,TPEx,11504,256971.0,39.40358909816856,38.29176936572345
3252,TPEx,11504,37811.0,-16.397284807747585,-9.614419238400306
3259,TPEx,11504,19549.0,17.59504331087584,20.605836263804058
3260,TPEx,11504,10555559.0,0.17754830167001506,169.50705162133545
3264,TPEx,11504,1463816.0,2.9783043025578975,27.793967436378715
3265,TPEx,11504,489512.0,4.56507761550473,37.88837371762731
3268,TPEx,11504,105500.0,2.5287177593344867,-1.5169194865810969
3272,TPEx,11504,239573.0,-5.956128849913247,-10.586070606149953
3276,TPEx,11504,58746.0,-13.177263456593066,42.889110500328364
3284,TPEx,11504,63172.0,-35.427420756202025,-18.699647370724048
3285,TPEx,11504,73079.0,9.344046443426999,2.3314756210266894
3287,TPEx,11504,83811.0,16.910780046869768,-1.5979429859578265
3288,TPEx,11504,8680.0,-3.8972542072630647,68.11931047840403
3289,TPEx,11504,371304.0,6.116266508146543,-3.8035156806611656
3290,TPEx,11504,295820.0,2.6123091758617223,69.35257646971267
3293,TPEx,11504,2123253.0,-3.193062829015459,14.735453623868183
3294,TPEx,11504,261124.0,9.75839400104242,-10.335994505966177
3297,TPEx,11504,21799.0,-20.421275508341548,53.69808926179228
3303,TPEx,11504,307067.0,14.20819292881956,18.444358727097395
3306,TPEx,11504,84771.0,-14.415951539626452,-20.750324866547626
3310,TPEx,11504,188495.0,34.20599208270441,26.249974883291024
3313,TPEx,11504,476.0,89.64143426294821,125.59241706161137
3317,TPEx,11504,264771.0,5.999983986164046,10.814373964140424
3322,TPEx,11504,275445.0,1.7885848376785352,31.7729512510166
3323,TPEx,11504,445715.0,32.92228319217464,-4.01189635270403
3324,TPEx,11504,2842339.0,-14.624912555038888,40.89622510568435
3325,TPEx,11504,58131.0,-1.5696434014020115,-57.730594437375025
3332,TPEx,11504,175841.0,6.705463283795838,24.69489494174461
3339,TPEx,11504,72135.0,-0.7730717911330591,10.511076385697216
3349,TPEx,11504,18355.0,-23.428309206958406,-60.68161857635542
3354,TPEx,11504,13792.0,22.15038526259853,52.02821869488536
3357,TPEx,11504,704105.0,7.34027892114715,15.420615900097372
3360,TPEx,11504,707881.0,5.31498640196621,-3.7292160228042355
3362,TPEx,11504,372811.0,-10.406523212388914,-3.8859555949716924
3363,TPEx,11504,127943.0,9.097498166686563,-37.30404912064057
3372,TPEx,11504,114860.0,0.6740233673120579,32.57462083612272
3373,TPEx,11504,42857.0,32.7417456482686,26.332390048343356
3374,TPEx,11504,723821.0,3.477207940551653,25.638720181631033
3379,TPEx,11504,20689.0,-36.09180489914435,-78.58791385073947
3388,TPEx,11504,864392.0,8.084127341385951,33.25296561505199
3390,TPEx,11504,91004.0,15.99219954879743,48.58038498587732
3402,TPEx,11504,503187.0,7.4049883136426216,20.144836527648113
3426,TPEx,11504,54906.0,-1.9640752776488233,-9.339189590832536
3430,TPEx,11504,161064.0,-19.89774857887434,13.833388696100812
3434,TPEx,11504,28083.0,-53.72866275621169,-49.820423478960066
3438,TPEx,11504,85567.0,28.23060438490012,-14.588449022778542
3441,TPEx,11504,58739.0,14.76495642999492,44.898613646455175
3444,TPEx,11504,112930.0,-2.0818340255438694,-1.8093921450991644
3455,TPEx,11504,125160.0,261.2121212121212,-2.510456991969342
3465,TPEx,11504,193580.0,48.47824753022029,32.93229778263049
3466,TPEx,11504,218520.0,374.39376506089485,2243.126742440489
3467,TPEx,11504,69424.0,10.959451468026275,39.6973599484868
3479,TPEx,11504,768864.0,-6.660111080761176,9.48595156418877
3483,TPEx,11504,751921.0,-9.010702046506225,3.681493390989242
3484,TPEx,11504,362417.0,-5.664301443601664,-16.151623329299976
3485,TPEx,11504,52522.0,0.28258296101118874,9.86716870620228
3489,TPEx,11504,76569.0,-3.617688153770628,113.51012213485026
3490,TPEx,11504,31102.0,77.02771927827423,51.017237193493564
3491,TPEx,11504,349053.0,6.167743897802448,83.9939064567311
3492,TPEx,11504,75515.0,15.522885815689634,-17.807697331185512
3498,TPEx,11504,341953.0,351.065822450864,137.82244323121327
3499,TPEx,11504,28716.0,11.626822157434402,-20.18012008005337
3508,TPEx,11504,70592.0,-21.731417420613802,-18.99106046522303
3511,TPEx,11504,149273.0,-14.075613322127948,-9.981064260903127
3512,TPEx,11504,16729.0,47.17163719539016,147.80032587764777
3516,TPEx,11504,96561.0,0.6924095644285014,27.00548474924042
3520,TPEx,11504,101445.0,-6.398782063111275,-2.6448882448345024
3521,TPEx,11504,1082.0,-88.12554872695347,-58.70229007633588
3522,TPEx,11504,62514.0,-50.92938553800747,-0.5883849627886267
3523,TPEx,11504,10866.0,90.5981406770742,197.78021375719376
3526,TPEx,11504,436621.0,3.7713337753979177,40.32086489543931
3527,TPEx,11504,105870.0,-24.48860232233032,-19.934356306105318
3529,TPEx,11504,613115.0,405.99988445889625,12.934153134301965
3531,TPEx,11504,101149.0,-1.8085271618840524,-28.020124676211893
3537,TPEx,11504,283946.0,15.283676137424788,-6.08108331596826
3540,TPEx,11504,300933.0,-26.7194923281847,-31.040195788619787
3541,TPEx,11504,83034.0,-18.597309909415316,-27.939389731662445
3546,TPEx,11504,133458.0,-16.842380738746822,32.28725776874659
3548,TPEx,11504,751263.0,17.910466501451,-30.18702583755534
3551,TPEx,11504,275778.0,0.2570245500252662,11.994704396488007
3552,TPEx,11504,736796.0,41.232532730165424,2.5852514800314106
3555,TPEx,11504,68972.0,-32.988098129706096,2832.482993197279
3556,TPEx,11504,108661.0,-7.794070227245728,-1.84634840341448
3558,TPEx,11504,1056838.0,2.9590906256819527,-24.58203335740608
3564,TPEx,11504,247452.0,21.134923976150148,5.9878700657894735
3567,TPEx,11504,24016.0,-0.7808304069407147,14.166191291119985
3570,TPEx,11504,276991.0,30.766543449421917,22.23732463669622
3577,TPEx,11504,153905.0,-8.943267404642027,89.01210915432416
3580,TPEx,11504,47451.0,94.49522482272411,71.25378951927242
3581,TPEx,11504,128171.0,-16.029979232044234,47.691368125093625
3587,TPEx,11504,540737.0,0.47848045755738977,22.53274416496714
3594,TPEx,11504,188847.0,-16.276378790565705,50.36666640125487
3597,TPEx,11504,83808.0,17.30422002939324,26.588626236689073
3609,TPEx,11504,21760.0,-18.78475721270481,1.8631214305776613
3611,TPEx,11504,1019050.0,-0.4915612391171037,-0.6366159993525609
3615,TPEx,11504,63239.0,-14.831923719226419,-30.1010257317181
3623,TPEx,11504,20229.0,-30.770020533880903,-26.928912006935413
3624,TPEx,11504,282455.0,-1.053726752678981,20.968329086275936
3625,TPEx,11504,22866.0,-50.09602793539939,-43.34208830962882
3628,TPEx,11504,277380.0,-2.836645906164398,13.120289713223059
3629,TPEx,11504,7845.0,5711.111111111111,261400.0
3630,TPEx,11504,225156.0,5.965239244920722,-3.869455509587181
3631,TPEx,11504,2669.0,-50.27016955468604,38.72141372141372
3632,TPEx,11504,19105.0,-37.42835620476206,-18.382604237867398
3646,TPEx,11504,69592.0,16.569514237855948,16.682874484423728
3663,TPEx,11504,473062.0,-37.01760879347945,0.60161664536517
3664,TPEx,11504,17125.0,4.733655433918415,-26.85687438602486
3666,TPEx,11504,44557.0,23.738509816990195,2.0966041886256357
3672,TPEx,11504,22630.0,-32.445744649094,120.0719634347953
3675,TPEx,11504,253869.0,6.65509940007058,19.099536961019343
3680,TPEx,11504,885957.0,34.12698172393329,52.739619752984254
3684,TPEx,11504,101220.0,22.67752608806312,0.29825899979191234
3685,TPEx,11504,161411.0,-4.600608765034428,74.29675942423358
3687,TPEx,11504,162392.0,-10.859827858773933,10.875784327782444
3689,TPEx,11504,785768.0,7.638862252809574,44.31159939319809
3691,TPEx,11504,1008609.0,9.796585297882903,163.4117868279612
3693,TPEx,11504,718177.0,5.17531244599744,10.7940494501002
3707,TPEx,11504,584544.0,7.690295338438949,31.005517729797084
3709,TPEx,11504,4514482.0,-6.660626650942226,9.09028081344533
3710,TPEx,11504,647609.0,5.06191526053403,8.73092492197036
3713,TPEx,11504,31337.0,-13.812261063285568,62.30060078723845
4102,TPEx,11504,37294.0,-17.35951072504875,-17.39611942943209
4105,TPEx,11504,518176.0,-13.597444153384146,17.924863226311526
4107,TPEx,11504,193673.0,-0.25031031268187415,6.388016084023643
4109,TPEx,11504,43828.0,-30.659578844115366,17.72859138283013
4111,TPEx,11504,127450.0,7.6035932592617606,6.551072616917752
4113,TPEx,11504,82.0,0.0,-99.8268032527194
4114,TPEx,11504,570412.0,1.3892740083470199,13.52567011376211
4116,TPEx,11504,506925.0,12.922016591077172,14.455600687286775
4120,TPEx,11504,395301.0,-0.9389847837854093,5.15701687881569
4121,TPEx,11504,300936.0,-4.875759022129782,-9.177717552045294
4123,TPEx,11504,177331.0,19.91628290697124,28.349123860946854
4126,TPEx,11504,183417.0,-22.266110063359537,5.558880742181655
4127,TPEx,11504,68735.0,3.0247163391639313,66.79204076680418
4128,TPEx,11504,159888.0,-5.753088748467415,1.786328159814619
4129,TPEx,11504,534332.0,-6.684014285589543,11.520367997261726
4130,TPEx,11504,39598.0,18.3796711509716,-13.79370401010145
4131,TPEx,11504,27976.0,2.292588394456836,26.86377652820606
4138,TPEx,11504,116653.0,-8.136394062290822,10.57994919045994
4139,TPEx,11504,91628.0,0.18806857942617214,-0.45736509902334627
4147,TPEx,11504,47234.0,-39.7763639377287,21.81246131627811
4153,TPEx,11504,74131.0,-17.014440837344676,-15.980777731182918
4154,TPEx,11504,2443.0,8.337028824833704,99.26590538336052
4157,TPEx,11504,2280.0,57.5673807878369,-37.75593775593776
4160,TPEx,11504,52775.0,-18.452647681443825,7.480347032707425
4161,TPEx,11504,64510.0,-32.14901762800286,12.801412859116263
4162,TPEx,11504,24007.0,-84.46390204757837,-2.1400619598891244
4163,TPEx,11504,237464.0,8.568868243706623,20.295236599611957
4166,TPEx,11504,131042.0,21.76134990986973,27.564589295796583
4167,TPEx,11504,95690.0,12.11350775034856,-19.38839981466661
4168,TPEx,11504,1900.0,,185.71428571428572
4171,TPEx,11504,20189.0,-6.419764531380365,4.655020475869576
4173,TPEx,11504,122726.0,-7.719261308950914,16.225507372647808
4174,TPEx,11504,3448.0,30.70507960576194,-32.813717848791896
4175,TPEx,11504,644402.0,-5.528971611866603,3.5747981631764127
4183,TPEx,11504,28297.0,49.98144909100546,-22.560958922853782
4188,TPEx,11504,2684.0,39.791666666666664,-2.999638597759306
4192,TPEx,11504,1923.0,-9.078014184397164,-18.620397799407534
4198,TPEx,11504,8465.0,-35.203612982241275,-38.5347081033982
4205,TPEx,11504,167113.0,-0.9712477481748365,6.001192499936569
4207,TPEx,11504,496507.0,3.569283014459862,13.55739542117421
4303,TPEx,11504,96345.0,2.0830905180177792,23.247454331474184
4304,TPEx,11504,31596.0,-32.494391624826406,-3.948928408572731
4305,TPEx,11504,103582.0,13.93530078206637,5.296222502338064
4401,TPEx,11504,348230.0,1.7532069076352161,1.3153568862031544
4402,TPEx,11504,1963.0,36.98534542916958,-15.168539325842696
4406,TPEx,11504,12406.0,-38.735802469135805,-78.94254434354579
4413,TPEx,11504,60544.0,196.5807778975213,-28.326546074438866
4416,TPEx,11504,7513.0,-98.78649166389388,-8.534209885561237
4417,TPEx,11504,291945.0,35.80353155701101,2.221638655462185
4419,TPEx,11504,229499.0,-0.6119214246119734,-2.5034835508428492
4420,TPEx,11504,92351.0,-5.132156101369328,0.4820037428733081
4430,TPEx,11504,201847.0,10.778949217099234,11.367548718854142
4432,TPEx,11504,53698.0,-23.896313723267053,13.32517305419551
4433,TPEx,11504,165749.0,-21.98982449369561,-16.977720342209132
4442,TPEx,11504,213746.0,29.645174986352885,4.200263247696583
4502,TPEx,11504,107886.0,16.071351723544346,18.510463008732906
4503,TPEx,11504,70101.0,-21.092976136875283,38.441030097164074
4506,TPEx,11504,516685.0,-25.240548087913997,4.301581021284842
4510,TPEx,11504,177297.0,22.192050834958682,45.751913385891505
4513,TPEx,11504,109828.0,27.922660299341914,14.96822954286133
4523,TPEx,11504,63352.0,-29.91260095143268,-2.2556855000462863
4527,TPEx,11504,254790.0,-1.7673321150153831,23.563302004830216
4528,TPEx,11504,124947.0,11.166767500622798,-19.40775045795815
4529,TPEx,11504,2569.0,308.4260731319555,472.1603563474388
4530,TPEx,11504,72685.0,64.28958907825144,230.49152002910017
4533,TPEx,11504,304006.0,8.159090343078132,6.683745087029759
4534,TPEx,11504,87446.0,-2.597518322974448,29.229905271402604
4535,TPEx,11504,227210.0,3.559708295350957,-0.3757667702911864
4538,TPEx,11504,32200.0,5.335470574765285,-6.0073559460563954
4541,TPEx,11504,166583.0,-9.87816621763452,44.68870513844978
4542,TPEx,11504,96222.0,-15.178067700987306,7.383434145034931
4543,TPEx,11504,75648.0,-26.476105317380867,8.52904466091847
4549,TPEx,11504,87619.0,-22.204957914550555,-26.49597745023196
4550,TPEx,11504,41470.0,-23.012661047785244,-38.68468521749416
4554,TPEx,11504,55638.0,11.405230066877579,22.139046824577964
4556,TPEx,11504,59240.0,2.3267061648213083,-10.341591875652687
4558,TPEx,11504,252973.0,107.19527577112716,84.83396047199795
4561,TPEx,11504,129672.0,37.424093091279055,23.251813057818246
4563,TPEx,11504,261092.0,9.159931934961932,17.888862299241893
4568,TPEx,11504,108966.0,78.0112067698038,16.583570496223224
4577,TPEx,11504,66373.0,-5.765681347076696,62.5793018983466
4580,TPEx,11504,180901.0,-12.314232256938721,-0.08947162037522852
4584,TPEx,11504,89414.0,3.4489141878680596,-25.730328679054082
4609,TPEx,11504,22856.0,191.60500127583566,37.977663748868096
4702,TPEx,11504,5057.0,28.972200969140527,-21.462960086970025
4706,TPEx,11504,112068.0,-11.187542100883624,29.314701775844362
4707,TPEx,11504,63451.0,-42.023172091153306,-48.81993289023682
4711,TPEx,11504,91020.0,14.85173501577287,89.32523504451285
4714,TPEx,11504,203765.0,-0.9363559902961238,96.03344108366043
4716,TPEx,11504,46536.0,-27.36013986013986,-2.116023726389298
4721,TPEx,11504,259188.0,3.8201329055361284,-31.864890655436472
4726,TPEx,11504,106736.0,12.871705934605135,301.006875305256
4728,TPEx,11504,202149.0,-10.293151803464925,29.70408202548539
4729,TPEx,11504,101648.0,19.480458419042023,11.055512460531634
4735,TPEx,11504,107736.0,5.338495834799953,43.693982074263765
4741,TPEx,11504,51520.0,8.335436117419464,20.24740343097211
4743,TPEx,11504,21656.0,50.6504347826087,101.82665424044734
4744,TPEx,11504,49633.0,-65.85535322404222,-27.501789339916158
4745,TPEx,11504,287479.0,11.274583802656077,-10.880779222389624
4747,TPEx,11504,46780.0,-7.153064464909495,0.5113660779510979
4749,TPEx,11504,352635.0,-18.55496763077605,-12.392302417792088
4754,TPEx,11504,63168.0,6.995494427317999,22.668220215554907
4760,TPEx,11504,228860.0,-7.623130141354451,63.098631698973776
4767,TPEx,11504,80096.0,-8.280371477320875,-15.739864082980917
4768,TPEx,11504,173680.0,-1.1957993423672504,191.53168275283255
4772,TPEx,11504,285078.0,1.9690742668283419,210.12358034898395
4804,TPEx,11504,13695.0,1.761034329023629,2.7304778336208835
4806,TPEx,11504,7031.0,-49.52982556887517,-12.993441405766614
4903,TPEx,11504,118419.0,-0.23168820664903028,44.154990443960216
4905,TPEx,11504,84054.0,23.163262315740116,31.57285079206061
4907,TPEx,11504,1275185.0,27.520667851353473,402.7102995324487
4908,TPEx,11504,74046.0,-18.415601586602026,5.019359779880012
4909,TPEx,11504,17071.0,-18.6979092251274,43.7194813941741
4911,TPEx,11504,11302.0,6.2717442407146216,-56.40165104347491
4923,TPEx,11504,80040.0,-6.1246510755084325,13.67703451214316
4924,TPEx,11504,69657.0,-16.521457761585754,-7.200714076363539
4931,TPEx,11504,302908.0,6.9934194956712785,97.38306551458993
4933,TPEx,11504,237711.0,-18.885745776418922,-6.249482364912032
4939,TPEx,11504,142021.0,21.38650757698784,8.545551819015591
4946,TPEx,11504,21295.0,2.0119760479041915,-39.0055280268095
4950,TPEx,11504,111168.0,11.21025989876153,9.305435381105955
4951,TPEx,11504,44448.0,-3.8962162162162164,0.44064809165480306
4953,TPEx,11504,1241094.0,2.247040127070016,32.94762517393824
4966,TPEx,11504,1268934.0,-14.093117343125467,-3.772481745016422
4971,TPEx,11504,106295.0,-2.871058234417976,25.24006456705902
4972,TPEx,11504,99330.0,47.58848176874387,24.193548387096776
4973,TPEx,11504,748842.0,-13.824976006297053,106.09952110970441
4974,TPEx,11504,374152.0,4.584765897973445,13.754784728999638
4979,TPEx,11504,412778.0,-8.590068383942175,7.73274174605246
4987,TPEx,11504,122570.0,6.279481132075472,11.01450062947767
4991,TPEx,11504,243926.0,-27.8389492056918,67.9225669656687
4995,TPEx,11504,107656.0,-17.888795667759897,-7.646115176419117
5009,TPEx,11504,1038706.0,0.6729258560347676,-0.25160228401096296
5011,TPEx,11504,361317.0,-8.351004464285714,-20.909508799579722
5013,TPEx,11504,781805.0,-0.3136694867168623,13.088728808655905
5014,TPEx,11504,1502320.0,-2.253608916840224,8.764933893404109
5015,TPEx,11504,103234.0,-13.745968617883461,-19.89291534104136
5016,TPEx,11504,195196.0,-8.551885687514641,6.054810597005194
5201,TPEx,11504,16467.0,-10.844612885760693,-39.80259550356425
5202,TPEx,11504,12560.0,25.06223240067709,-6.6726110863426955
5205,TPEx,11504,1067.0,-26.005547850208046,-37.60233918128655
5206,TPEx,11504,479240.0,-71.08423848443856,-28.29312377680554
5209,TPEx,11504,285106.0,-3.921251457495063,-27.73766104074841
5210,TPEx,11504,20177.0,-9.928128208562118,11.432042856353897
5211,TPEx,11504,21645.0,-2.34163508391987,27.638872508550538
5212,TPEx,11504,79785.0,-6.312748793461796,20.38294405214557
5213,TPEx,11504,2063645.0,299.7119796700647,14.296372072105504
5220,TPEx,11504,95762.0,-5.977417771232204,32.64169760097512
5223,TPEx,11504,177754.0,9.354102455259644,-3.191477774025946
5227,TPEx,11504,5134.0,-53.830935251798564,-86.42911897650076
5228,TPEx,11504,68948.0,-15.146144852624454,62.02852912838108
5230,TPEx,11504,113096.0,4.522055765551787,-4.743615659322148
5236,TPEx,11504,186962.0,-20.344420632858,28.05791860162468
5245,TPEx,11504,71639.0,25.81489286968739,-15.360349716446125
5251,TPEx,11504,24832.0,-36.06755747792281,38.85813342280378
5263,TPEx,11504,162457.0,2.033676885296353,61.942024362527164
5272,TPEx,11504,29825.0,11.87171792948237,-21.68627245037286
5274,TPEx,11504,1279040.0,3.5300288401842597,81.593085197006
5276,TPEx,11504,94037.0,7.7429851396097575,76.15863024989697
5278,TPEx,11504,224193.0,-8.182346870239012,18.233404880312627
5287,TPEx,11504,193668.0,-1.3960592637849396,-4.361481481481482
5289,TPEx,11504,6670833.0,17.600498408713126,583.1104370746453
5291,TPEx,11504,151903.0,30.373174039171257,69.45516610517392
5299,TPEx,11504,143582.0,0.8378456200970581,-0.30481665868172003
5301,TPEx,11504,12836.0,-40.727742888806794,-44.672413793103445
5302,TPEx,11504,1718.0,-26.893617021276597,18.15680880330124
5309,TPEx,11504,305058.0,4.594063615386462,7.6497988566589035
5310,TPEx,11504,3.0,-81.25,-98.41269841269842
5312,TPEx,11504,364919.0,-11.72311190672021,13.950300395948089
5314,TPEx,11504,493736.0,9.763504350648484,138.62470941331696
5315,TPEx,11504,163952.0,0.07202412197712318,-5.4890069981668725
5321,TPEx,11504,177285.0,4.105864598075082,-22.081432451675852
5324,TPEx,11504,56978.0,-13.32167034304404,-48.007081067270136
5328,TPEx,11504,93873.0,7.8281145902731515,13.378665636021063
5340,TPEx,11504,225436.0,0.732810237895226,9.691074791138533
5344,TPEx,11504,31667.0,-5.333173896146603,10.719904898430125
5345,TPEx,11504,4127.0,57.75993883792049,562.4398073836276
5347,TPEx,11504,4026468.0,-18.504296546732537,9.577918234329607
5348,TPEx,11504,26463.0,8.950553748610481,35.686817412705736
5351,TPEx,11504,1333096.0,20.913324178565144,417.06261320838877
5353,TPEx,11504,142583.0,-15.10945993415138,18.10463363318589
5355,TPEx,11504,50192.0,10.10397929188786,2.51843379153986
5356,TPEx,11504,296594.0,5.158396709744899,-1.2456090698719764
5364,TPEx,11504,5735.0,-18.710134656272146,-77.69090131092699
5371,TPEx,11504,3171168.0,-3.396774518814393,16.78671257848896
5381,TPEx,11504,249323.0,99.03803167709798,11.324293068882529
5386,TPEx,11504,2535400.0,-22.249627332411517,405.25703262628434
5392,TPEx,11504,788425.0,5.4034253690139264,2.0053692143480935
5398,TPEx,11504,11530.0,23.911875335840946,-46.70179817870846
5403,TPEx,11504,282542.0,5.540717719613461,-7.778426950155529
5410,TPEx,11504,599444.0,-22.9798469731914,122.27479364891022
5425,TPEx,11504,1641686.0,2.34580046357426,2.604605465459009
5426,TPEx,11504,197653.0,42.757161223222155,23.631257310490202
5432,TPEx,11504,9054.0,-51.78400255618277,-17.698391055358602
5438,TPEx,11504,67663.0,13.845610256755393,-56.40242527335872
5439,TPEx,11504,950129.0,3.9931220625931707,26.15619734523732
5443,TPEx,11504,422226.0,4.23892005056091,24.441051818755195
5450,TPEx,11504,246980.0,4.257160345300661,9.117578188854967
5452,TPEx,11504,481026.0,13.184985093801986,6.503679824289497
5455,TPEx,11504,262.0,-96.16510538641687,-99.98462793140068
5457,TPEx,11504,1961579.0,3.745311419087734,-5.682978711127951
5460,TPEx,11504,20038.0,-27.044345736547005,-6.521739130434782
5464,TPEx,11504,124140.0,2.822781035682338,42.4996556315717
5465,TPEx,11504,299421.0,3.5689702286036464,-52.811862713269434
5468,TPEx,11504,11697.0,-59.91569857098797,19.065553745928337
5474,TPEx,11504,104641.0,28.338750229962592,-11.050569104308872
5475,TPEx,11504,158740.0,14.519456909114519,120.58864400655902
5478,TPEx,11504,561540.0,-13.106989166613797,10.74210661249926
5481,TPEx,11504,7338.0,7.014729473530698,-0.7573708412226129
5483,TPEx,11504,6699351.0,-9.123180269734965,-0.2599447862981406
5487,TPEx,11504,16021.0,-2.054166411933729,-3.7777777777777777
5488,TPEx,11504,101515.0,15.152511995644135,93.29563197379946
5489,TPEx,11504,167177.0,1.0480951143294066,11.047121809945134
5490,TPEx,11504,139803.0,0.19565684798967964,32.93049348673576
5493,TPEx,11504,498197.0,-14.488472523549282,11.387183465767574
5498,TPEx,11504,171047.0,5.961975678806613,54.63972516047374
5508,TPEx,11504,227222.0,-36.88365439368898,42.6807826589305
5511,TPEx,11504,808403.0,-8.037058061345562,4.4904622432018115
5512,TPEx,11504,422670.0,-50.284002357178395,-31.146659716226562
5514,TPEx,11504,2120.0,-99.59954287441325,359.86984815618223
5516,TPEx,11504,119056.0,-33.34863540937719,-21.379893285435045
5520,TPEx,11504,315132.0,3.5443329116627513,-7.594324269641176
5523,TPEx,11504,373.0,0.0,0.26881720430107525
5529,TPEx,11504,176237.0,4414.267418032787,3460.343434343434
5530,TPEx,11504,393180.0,-8.728776968397009,26.129998780980735
5536,TPEx,11504,4088049.0,-21.2653894658668,15.170389844843003
5543,TPEx,11504,267623.0,-2.4043090118738513,4.031859934460896
5547,TPEx,11504,275126.0,97.09860446456716,53.64330868720263
5548,TPEx,11504,189352.0,-21.447654448002922,8.975177978441156
5601,TPEx,11504,7914.0,4.172699749901277,0.6358087487283826
5603,TPEx,11504,104434.0,-15.669538675215401,-14.307751639028153
5604,TPEx,11504,13702.0,1.2039293891720215,4.14228167515391
5609,TPEx,11504,2840176.0,7.530532614185427,12.005407475266678
5701,TPEx,11504,38901.0,-7.631485219043096,-12.71931792685663
5703,TPEx,11504,35866.0,-20.01516469302647,7.718644882268141
5704,TPEx,11504,909.0,7.57396449704142,-95.74935702595278
5864,TPEx,11504,1843007.0,413.1516392398073,2037.1729784841127
5878,TPEx,11504,94794.0,28.553411356270086,-3.8551650692225774
5902,TPEx,11504,174059.0,-6.490778495871409,-17.511101422214217
5903,TPEx,11504,9576329.0,0.07868280244126745,9.06020460840976
5904,TPEx,11504,2247875.0,-2.5303200461359014,16.67823305696841
5905,TPEx,11504,628693.0,46.09487558443249,686.3773953069496
6015,TPEx,11504,547898.0,316.1682605029889,4229.158188258347
6016,TPEx,11504,2753746.0,2057.356401088942,1127.2871745131688
6020,TPEx,11504,433249.0,2391.1105235325226,2338.3188675346146
6021,TPEx,11504,1136389.0,329.38307788886397,5212.463185451826
6023,TPEx,11504,328317.0,-37.21936136484887,-15.844852909136115
6026,TPEx,11504,276970.0,2217.7405857740587,461.70240551623266
6028,TPEx,11504,532113.0,-12.047874142772846,46.37187616047974
6101,TPEx,11504,83346.0,-83.77797630517163,-37.782455826036326
6103,TPEx,11504,5681.0,-32.65765765765766,9.587191358024691
6104,TPEx,11504,362531.0,0.616413643806722,-7.2530840509412045
6109,TPEx,11504,76601.0,9.126006125792435,18.606775671993063
6111,TPEx,11504,1078433.0,7.675971540226488,149.45364292025778
6113,TPEx,11504,78008.0,-18.606859277344768,24.163178251388736
6114,TPEx,11504,82876.0,19.714566360432194,-12.716166403370195
6118,TPEx,11504,732009.0,-12.124191480473083,-18.350226374560386
6121,TPEx,11504,6908842.0,0.6223318233084458,4.3978190345043515
6122,TPEx,11504,287379.0,-17.671072760712995,-15.338068541699196
6123,TPEx,11504,361548.0,-5.248509467339317,-5.965397779881608
6124,TPEx,11504,197914.0,-1.1635804318731149,-5.463073976240858
6125,TPEx,11504,341274.0,5.625537762536444,56.77567839472995
6126,TPEx,11504,509881.0,1.0609916595312847,48.31909428605504
6127,TPEx,11504,87526.0,-4.664081561519693,-9.603924606248386
6129,TPEx,11504,134841.0,-6.211918871546615,28.758450784920363
6130,TPEx,11504,14762.0,3.3536371910663028,-6.040353892177455
6134,TPEx,11504,215556.0,16.01694322297992,45.85092562520299
6138,TPEx,11504,682716.0,1.1802854974864838,13.831722408500747
6140,TPEx,11504,145783.0,-11.665404308177054,-37.71075277087019
6143,TPEx,11504,730867.0,-0.8445350105549918,14.197076585339177
6144,TPEx,11504,13196.0,0.15939278937381404,-3.4462574083558937
6146,TPEx,11504,410109.0,0.0029261369871030514,9.64279316973273
6147,TPEx,11504,2185380.0,7.409895818230163,24.146675521112343
6148,TPEx,11504,35550.0,-41.404318444041536,-66.45181990619722
6150,TPEx,11504,235231.0,-44.84800030010738,-68.96651807211431
6151,TPEx,11504,203573.0,25.3489732458976,28.348958760221677
6154,TPEx,11504,300733.0,-13.590416973151894,0.07720440198202336
6156,TPEx,11504,505437.0,1.783804792389529,14.943362586331974
6158,TPEx,11504,159080.0,-3.1175585722202936,-8.597300667076526
6160,TPEx,11504,101929.0,-10.745965446887505,7.2383717871834525
6161,TPEx,11504,133438.0,-5.517241379310345,18.387408728363187
6163,TPEx,11504,334249.0,-54.99560389550062,-18.59438817136998
6167,TPEx,11504,82759.0,-25.863119233181045,-24.309715654981296
6169,TPEx,11504,33.0,-57.69230769230769,-98.9874194538202
6170,TPEx,11504,257207.0,-8.916841072712272,-1.4811892413645174
6171,TPEx,11504,69922.0,211784.84848484848,211784.84848484848
6173,TPEx,11504,419113.0,13.040675579817835,20.36213779041383
6174,TPEx,11504,69084.0,13.464507440134021,35.11705685618729
6175,TPEx,11504,458207.0,8.98610222464304,15.859221312511695
6179,TPEx,11504,545135.0,-17.501785757524395,69.36285627295153
6180,TPEx,11504,658997.0,2.1148246917559335,-15.72087752998381
6182,TPEx,11504,865025.0,-2.6360663856513344,3.004304621961312
6185,TPEx,11504,68193.0,33.28056288478452,18.232571042183192
6186,TPEx,11504,316862.0,-90.51804495685926,-84.10333619129658
6187,TPEx,11504,613353.0,15.495336711463612,26.136580971947165
6188,TPEx,11504,581266.0,-27.5042311419531,-22.89040590699612
6190,TPEx,11504,1017386.0,9.25912402488058,39.65893320191797
6194,TPEx,11504,91235.0,6.51823658525195,-34.87912291846597
6195,TPEx,11504,165173.0,-5.184696191268907,-3.5136808654812253
6198,TPEx,11504,22.0,0.0,0.0
6199,TPEx,11504,61922.0,-65.7734443228424,516.9373318720733
6203,TPEx,11504,179458.0,38.24240836889704,-28.55800695876494
6204,TPEx,11504,41183.0,32.42973824683259,7.094005981016773
6207,TPEx,11504,126657.0,-19.565493503359455,3.60406049848263
6208,TPEx,11504,286825.0,7.128584180862706,1.871386154086576
6210,TPEx,11504,32040.0,-30.182388703667385,19.28518242740134
6212,TPEx,11504,96871.0,-5.040534049581916,-21.114820846905538
6217,TPEx,11504,358883.0,0.056875367668583886,22.243681449690033
6218,TPEx,11504,109240.0,-1.7077867156148212,98.94734925057823
6219,TPEx,11504,63497.0,-77.0104164026662,21424.406779661018
6220,TPEx,11504,824595.0,34.04169199808836,12.098439503044458
6221,TPEx,11504,278248.0,-14.909909358906924,-42.119692966946104
6222,TPEx,11504,248.0,-56.10619469026549,6.437768240343348
6223,TPEx,11504,1485961.0,7.019773970609841,52.59594490792657
6227,TPEx,11504,2612295.0,30.49169633036047,18.336884095950772
6228,TPEx,11504,2911.0,-53.40163278373619,101.31396957123098
6229,TPEx,11504,318146.0,-4.639354482890919,57.360134931273095
6231,TPEx,11504,124114.0,-40.753646986939586,14.507929771471275
6233,TPEx,11504,34808.0,5.33196150820069,-8.755373807276921
6234,TPEx,11504,40836.0,-17.69922205651175,1.8582724302212468
6236,TPEx,11504,2541.0,-15.469061876247505,-19.358933671850206
6237,TPEx,11504,84309.0,78.3939906898011,116.12150730581902
6240,TPEx,11504,4033.0,-1.8495984424434169,24.70624613481756
6241,TPEx,11504,55944.0,-13.29737771991817,-9.168547352697635
6242,TPEx,11504,54121.0,1.126723719122538,-4.154638992685993
6244,TPEx,11504,308449.0,9.744503862150921,19.336018354090015
6245,TPEx,11504,700457.0,-3.021672975375269,31.46197315796487
6246,TPEx,11504,133811.0,47.00789910242466,-10.87466197764723
6248,TPEx,11504,502651.0,-6.211154627672179,-32.66663183797694
6259,TPEx,11504,58013.0,-17.29324380194745,19.599637158289696
6261,TPEx,11504,331219.0,-13.96059870844395,0.1811747625672978
6263,TPEx,11504,187653.0,7.031512904605732,13.401943484251493
6264,TPEx,11504,20405.0,316.25866993064056,539.4547163898465
6265,TPEx,11504,496262.0,26.677591945924974,885.8204211362734
6266,TPEx,11504,272647.0,5.404632210525502,-9.222968023759107
6270,TPEx,11504,288650.0,5.753131560339553,15.555680103125388
6274,TPEx,11504,4610166.0,21.907044069528407,97.96698235752581
6275,TPEx,11504,349056.0,-13.387972040465396,-21.30455661442939
6276,TPEx,11504,57241.0,1.359941919147203,-60.37313949463482
6279,TPEx,11504,863002.0,32.289835166940804,11.562386886602203
6284,TPEx,11504,626534.0,11.268498605001394,-10.649209149366735
6290,TPEx,11504,911964.0,-0.9016997333368106,3.6764530339633366
6291,TPEx,11504,239818.0,-3.4758949342735477,42.11268607186878
6292,TPEx,11504,100621.0,-6.645698805017442,27.615508516493968
6294,TPEx,11504,81843.0,3.983076688519591,-15.228131959190016
6411,TPEx,11504,224841.0,10.412646031909722,14.397867133400833
6417,TPEx,11504,172819.0,8.929606938456496,22.976588628762542
6418,TPEx,11504,86592.0,40.07570610501796,-4.653262569094233
6419,TPEx,11504,126978.0,5.429304461179519,328.6900742741391
6423,TPEx,11504,42909.0,1840.7055630936227,32.557924003707136
6425,TPEx,11504,116001.0,-31.786587947499648,31.73847866082177
6432,TPEx,11504,113847.0,6.874507153317563,5.406081031034738
6435,TPEx,11504,310312.0,1.2499959214437437,13.48781415489043
6441,TPEx,11504,12578.0,35.174637291778616,-55.37184217996026
6461,TPEx,11504,5556.0,-35.52280376000928,43.67726920093095
6462,TPEx,11504,372846.0,-52.20652233825865,12.03035984711906
6465,TPEx,11504,26360.0,14.603712882048606,81.01909078423293
6469,TPEx,11504,1502814.0,-10.697006107583315,-1.2305320212390498
6470,TPEx,11504,72362.0,-12.352228682170542,-58.731172615958435
6474,TPEx,11504,357016.0,-14.768907563025211,1.9020870438872906
6482,TPEx,11504,22439.0,-22.935055122437063,-49.392182954058505
6485,TPEx,11504,108850.0,-8.744131455399062,-18.690988406836382
6486,TPEx,11504,110263.0,-44.42445136641768,6.581669147640497
6488,TPEx,11504,4747927.0,-12.816757949120415,-10.13448048016332
6492,TPEx,11504,80.0,0.0,-3.6144578313253013
6494,TPEx,11504,155207.0,-9.143221757812043,33.37028348500082
6496,TPEx,11504,85334.0,29.293939393939393,28.87801489133554
6498,TPEx,11504,137524.0,9.790835063068817,37.27964223681846
6499,TPEx,11504,37139.0,2.841082158779387,3.4109261012418557
6506,TPEx,11504,203630.0,-12.41381386806371,6.719844031696784
6508,TPEx,11504,188492.0,-18.46491247042335,-18.490650891667965
6509,TPEx,11504,516008.0,9.269557041636139,9.76137905802373
6510,TPEx,11504,523179.0,7.32713524336256,30.215291950818855
6512,TPEx,11504,5764.0,-67.54138979614821,-78.25972164598498
6516,TPEx,11504,48660.0,-19.94076999012833,5.996906789814189
6517,TPEx,11504,30467.0,-33.12921138693181,-18.665741210390028
6523,TPEx,11504,61055.0,-23.47175392637345,-8.149295944156938
6527,TPEx,11504,61551.0,-11.188225957723107,-24.69351799740622
6530,TPEx,11504,31534.0,-2.3110285006195785,18.1314152993182
6532,TPEx,11504,73657.0,15.415471881414625,25.506065976008724
6535,TPEx,11504,78.0,-84.49304174950298,-83.36886993603412
6538,TPEx,11504,130088.0,4.800650935720098,-19.42371180635131
6542,TPEx,11504,80843.0,-10.515479893295552,14.440417881713428
6546,TPEx,11504,200931.0,0.05477514801738862,-7.592014312059934
6547,TPEx,11504,38720.0,-11.043719989891331,-7.868751040997454
6548,TPEx,11504,1384069.0,4.279542639466935,24.512209054932875
6556,TPEx,11504,148116.0,7.066647390487206,29.48447840264361
6560,TPEx,11504,26562.0,7.503642544924721,95.97166888003541
6561,TPEx,11504,349835.0,0.6487715058403821,-1.3440458430743285
6568,TPEx,11504,120852.0,-18.50842886041807,31.74033902000327
6569,TPEx,11504,96613.0,-50.273305608169316,-8.275894806797684
6570,TPEx,11504,91272.0,-10.050261160934266,9.700604560041345
6574,TPEx,11504,72854.0,7.80408404853507,27.098271139721916
6576,TPEx,11504,52217.0,29.11896342820405,-11.246898052146717
6577,TPEx,11504,164642.0,-17.23746185901786,-0.22543541760093083
6578,TPEx,11504,36372.0,7.05203673181069,-0.9531071292413267
6584,TPEx,11504,277784.0,-11.013726715038521,35.13129603144489
6588,TPEx,11504,27142.0,-5.750399333287034,155.81526861451462
6590,TPEx,11504,60466.0,-0.4658512897331643,19.91749796719751
6593,TPEx,11504,41335.0,-11.69055910440746,68.05578142787445
6596,TPEx,11504,270939.0,89.05666696903936,1704.816147082334
6597,TPEx,11504,47250.0,-26.346801346801346,-7.975460122699387
6603,TPEx,11504,406047.0,-0.781438991313272,12.321268032254048
6609,TPEx,11504,231505.0,26.017919742199577,17.335948626717553
6612,TPEx,11504,113401.0,2.95610331835308,16.232421794924356
6613,TPEx,11504,711107.0,-33.527548264731806,30.81823600400306
6615,TPEx,11504,30161.0,-12.241038175046555,-9.12624284423019
6616,TPEx,11504,44859.0,-29.628525711417186,-37.517062707190014
6617,TPEx,11504,3750.0,21.202327084680025,7.604017216642755
6620,TPEx,11504,62071.0,-21.14764094616225,-88.94014553799882
6624,TPEx,11504,40596.0,205.1183765501691,-34.80544090960189
6629,TPEx,11504,265349.0,0.23836686587236228,140.46779704024576
6637,TPEx,11504,45115.0,-14.454473055481817,-24.180293430583333
6640,TPEx,11504,333601.0,11.35994926060687,142.3351566529373
6642,TPEx,11504,58575.0,4.393156300124755,5.035235892194309
6643,TPEx,11504,168686.0,40.445265927332066,30.735964286821464
6649,TPEx,11504,11496.0,-0.2948829141370338,29.92766726943942
6651,TPEx,11504,157731.0,3.7430939226519335,8.036411457691202
6654,TPEx,11504,60229.0,46.5318833175194,157.90690703549865
6661,TPEx,11504,30803.0,7.077554141898704,25.547177501528427
6662,TPEx,11504,22266.0,-14.95684057749599,-9.25541019684558
6664,TPEx,11504,237443.0,0.4080717868046922,9.65773953844946
6667,TPEx,11504,477831.0,-29.09688227551894,-2.144770470854222
6679,TPEx,11504,187763.0,0.22686267601874685,15.700253875921225
6680,TPEx,11504,46437.0,-14.36869571631415,36.41891891891892
6683,TPEx,11504,217571.0,-1.2280048666218744,20.96551800825077
6684,TPEx,11504,26086.0,-22.87724692526017,-15.294194051175477
6690,TPEx,11504,211706.0,-17.763318896032008,14.368908961255052
6692,TPEx,11504,54873.0,-8.42442549356653,-24.03859464547745
6693,TPEx,11504,204370.0,5.6842039942496045,85.69637275568802
6697,TPEx,11504,98685.0,-4.97534953587798,-7.046512066009834
6703,TPEx,11504,347474.0,12.6859863274916,20.256104102856945
6708,TPEx,11504,22542.0,11.998807571918318,-19.99290150842946
6712,TPEx,11504,85233.0,21.582528565111335,26.18885467250977
6716,TPEx,11504,175536.0,29.21215154838757,41.03128565230666
6720,TPEx,11504,37498.0,18.559504236752243,-19.640828922272465
6721,TPEx,11504,308763.0,0.8024681281728996,4.782638205450165
6725,TPEx,11504,310193.0,-7.0724773143279975,-14.344215895001643
6727,TPEx,11504,161075.0,-15.81123318315336,51.14904238647987
6728,TPEx,11504,584555.0,26.143982667354333,-4.64511582611646
6730,TPEx,11504,39180.0,4.36589329000293,-5.185973912833047
6732,TPEx,11504,356389.0,-1.9033646753132363,-3.143319155875039
6733,TPEx,11504,19603.0,18.033477842003855,0.9215403624382208
6735,TPEx,11504,34974.0,-20.265371725600165,74.12994772218073
6739,TPEx,11504,110238.0,10.134473594820868,100.21067543270192
6741,TPEx,11504,173441.0,-7.789273334325755,31.91335630243153
6751,TPEx,11504,108282.0,-52.24798133701419,-39.18893874639875
6752,TPEx,11504,160482.0,-1.8092376972448436,-4.965446179537743
6761,TPEx,11504,177260.0,6.367274931142701,-0.37095323741007197
6762,TPEx,11504,60153.0,15.63881733246184,-14.150539475937661
6763,TPEx,11504,154113.0,-10.883858096972851,9.999785871822873
6767,TPEx,11504,28563.0,-9.619339936082017,13.94207754906654
6785,TPEx,11504,0.0,-100.0,
6788,TPEx,11504,231192.0,11.720958552602966,1.3186784291555462
6791,TPEx,11504,68841.0,-8.167920601888907,8.917016058856102
6803,TPEx,11504,716324.0,-8.694682341304489,2.556305290571235
6804,TPEx,11504,118494.0,-22.704500978473583,34.24648222418598
6811,TPEx,11504,884400.0,-11.909104219976234,24.2550178289934
6821,TPEx,11504,59113.0,34.0218105969574,-21.635093394137844
6823,TPEx,11504,63256.0,-7.337581483922947,51.373600076577006
6829,TPEx,11504,170183.0,-39.44355091235162,28.16143024972136
6840,TPEx,11504,87661.0,6.532095374668838,10.455753940753247
6841,TPEx,11504,33015.0,9.844956081980303,17.612482633322646
6843,TPEx,11504,65283.0,3.9438907110785593,9.946612324637487
6844,TPEx,11504,273163.0,-3.5969014134213264,-0.1374575471870556
6846,TPEx,11504,64250.0,-35.34786371229045,-0.08397611346105996
6855,TPEx,11504,51071.0,8.76352329840702,14.99628470423994
6856,TPEx,11504,63675.0,19.55052382561676,0.009423738397022098
6859,TPEx,11504,57090.0,-4.493442184154175,-39.03181366738218
6865,TPEx,11504,20038.0,48.89285183533958,-24.728597723601666
6870,TPEx,11504,85894.0,5.111543497681021,81.4559743113064
6872,TPEx,11504,1302.0,-92.30359992906544,226.31578947368422
6874,TPEx,11504,98291.0,-44.85685593586428,45.689680728070435
6875,TPEx,11504,0.0,-100.0,
6877,TPEx,11504,24116.0,18.209891671976862,33.31122166943062
6881,TPEx,11504,215938.0,0.37838641899555603,7.895630970939761
6884,TPEx,11504,114293.0,10.88548892532477,32.713655364607526
6894,TPEx,11504,191600.0,-19.347030867861307,88.3694636975864
6895,TPEx,11504,28322.0,-10.464087000505817,-47.948025215489515
6899,TPEx,11504,92608.0,5.1288454989215575,-14.224848563436638
6903,TPEx,11504,697780.0,-4.994404067194763,297.0479452834268
6904,TPEx,11504,63557.0,-23.660757182665513,-3.024153557423824
6907,TPEx,11504,286721.0,10.51661867813766,121.6595027521801
6910,TPEx,11504,33162.0,-12.281444253405635,8.291153707997257
6913,TPEx,11504,302964.0,26.96185662920218,25.445217816165723
6922,TPEx,11504,180137.0,-10.266207047712035,26.989397400107155
6925,TPEx,11504,16771.0,5.8107255520504735,6.87611521794545
6929,TPEx,11504,262339.0,-3.553611146853918,-0.7813770541404285
6953,TPEx,11504,115250.0,32.568786233551116,13.746274254357395
6961,TPEx,11504,333979.0,-15.84611469333555,10.624604591540992
6967,TPEx,11504,129268.0,-18.65179004071564,9.598378932910544
6968,TPEx,11504,295294.0,-1.490187182455356,13.717199257530597
6971,TPEx,11504,149309.0,-18.478984897954728,-6.058337213252966
6982,TPEx,11504,161210.0,-14.801974442177805,10.395124289529548
6996,TPEx,11504,285600.0,6.253952900033483,13.29017517136329
6997,TPEx,11504,552324.0,38.26316171556025,56.57794396550502
7402,TPEx,11504,45236.0,-2.1289485071397665,3.529088662058864
7547,TPEx,11504,24465.0,-30.850763143018654,3.1408094435075884
7556,TPEx,11504,71075.0,-5.63595326606479,12.881964297058637
7584,TPEx,11504,69713.0,11.87732699961484,-7.8418930530768725
7642,TPEx,11504,49627.0,35.36728403480538,-31.061163821245504
7703,TPEx,11504,257349.0,71.90407802010621,23.536612294664888
7704,TPEx,11504,59796.0,-9.483659042400205,0.13732123120206316
7708,TPEx,11504,238513.0,3.4314830875975715,15.776827450961356
7709,TPEx,11504,152694.0,75.9147465437788,62.904877736525414
7712,TPEx,11504,131150.0,14.024639407402255,2.9289425355915175
7713,TPEx,11504,114957.0,12.341685560159487,38.80007727415421
7714,TPEx,11504,144205.0,-9.1416006149426,-10.096072918160338
7715,TPEx,11504,102162.0,30.14267515923567,16.918252669405693
7716,TPEx,11504,164912.0,7.775759080868418,-7.784357473173296
7717,TPEx,11504,94536.0,17.612809315866084,-21.37332202205699
7718,TPEx,11504,172082.0,-20.4230367266909,-6.350441630249631
7723,TPEx,11504,309909.0,-3.7047279325859455,-16.868788476240294
7728,TPEx,11504,20136.0,-36.35501611985587,-24.035160523635266
7734,TPEx,11504,393468.0,34.96887059428865,58.898002204964804
7738,TPEx,11504,49501.0,-0.41242505934897195,13.866077795413245
7743,TPEx,11504,80099.0,33.134432551027196,-4.414186496097759
7744,TPEx,11504,354317.0,5.402551196468306,80.50874225627649
7747,TPEx,11504,134070.0,-14.424678781379852,1.965228237226777
7751,TPEx,11504,241048.0,9.391748694140764,67.2016980425343
7753,TPEx,11504,76180.0,21.35404221425727,8.626835876229858
7757,TPEx,11504,163717.0,-10.351492982734735,1.3420076880698735
7767,TPEx,11504,231627.0,26.311225992212805,33.295160269321514
7770,TPEx,11504,26133.0,41.19077205683721,-37.48086124401914
7772,TPEx,11504,38924.0,3.0335115675790143,-11.934659155184507
7777,TPEx,11504,112447.0,205.62470058895914,1298.0289793309184
7782,TPEx,11504,50686.0,-10.49304231122413,6.00660894298741
7792,TPEx,11504,336638.0,-44.549279024335604,-25.86372445384073
7794,TPEx,11504,100271.0,10.898393001316125,14.492058598522476
7805,TPEx,11504,625032.0,6.572546612445331,9.991077980561611
7810,TPEx,11504,83816.0,37.99598274556291,82.68924780400619
7811,TPEx,11504,237796.0,-3.2551251642615653,11.175213775111855
7820,TPEx,11504,33506.0,-0.6169543809693302,57.764384593652885
7828,TPEx,11504,130035.0,104.16221817496702,32086.881188118812
7842,TPEx,11504,278159.0,-6.088597637351322,52.8497323911156
8024,TPEx,11504,23800.0,37.389597644749756,32.91634089132135
8027,TPEx,11504,157194.0,8.034143391246976,24.8512767562845
8032,TPEx,11504,430127.0,-12.189231453921124,44.33259174996896
8034,TPEx,11504,47550.0,448.50617141538817,106.45189301840917
8038,TPEx,11504,60934.0,3.0596194503171246,15.304848049048177
8040,TPEx,11504,70137.0,-4.782785772468096,26.191075926592298
8042,TPEx,11504,429996.0,14.993100349796219,32.82960583220067
8043,TPEx,11504,525130.0,-47.92402161064348,26.802259177607194
8044,TPEx,11504,2999642.0,-5.618567924354951,10.35370006772847
8047,TPEx,11504,39275.0,55.390702274975276,-7.800835719986853
8048,TPEx,11504,122070.0,15.461011690817601,32.82627146308024
8049,TPEx,11504,133440.0,20.71866688378657,10.51663878352189
8050,TPEx,11504,577423.0,16.595993005326775,3.7280615086137208
8054,TPEx,11504,231120.0,-55.456535816707266,47.698442622427
8059,TPEx,11504,829644.0,-29.36903742323036,228.65127813055827
8064,TPEx,11504,193110.0,-23.21028793656727,31.540945192975762
8066,TPEx,11504,361560.0,28.758849589037194,-13.242743233936974
8067,TPEx,11504,7723.0,-3.787218138781612,-15.74296312459088
8068,TPEx,11504,103175.0,-7.440633718791772,17.04879349268835
8069,TPEx,11504,2894681.0,-10.924286223345886,-12.554455577148309
8071,TPEx,11504,205240.0,12.617630113309007,14.293987926848283
8074,TPEx,11504,143856.0,-2.9874701590170347,26.340195320733507
8076,TPEx,11504,260813.0,21.69723721846085,45.759330255848525
8077,TPEx,11504,88326.0,-11.037025099713953,0.7873476653430097
8080,TPEx,11504,5298.0,7.051929682764195,-67.09725499937896
8083,TPEx,11504,140105.0,3.592712538633305,-5.3133468949157585
8084,TPEx,11504,33907.0,-33.18686082484384,-5.2718332681455
8085,TPEx,11504,50175.0,3.5774740927294495,-0.767359531673358
8086,TPEx,11504,447976.0,3.69958842020954,49.38608367402744
8087,TPEx,11504,142622.0,8.15922586320651,2881.2290969899664
8088,TPEx,11504,97128.0,-48.540639056514806,2.1271226539088377
8089,TPEx,11504,63489.0,14.887264304585429,17.474326949764084
8091,TPEx,11504,272523.0,6.752871311950612,35.25587258731333
8092,TPEx,11504,40713.0,132.40666742778856,21.14079980956915
8093,TPEx,11504,14695.0,29.848899885128567,-57.70736199850342
8096,TPEx,11504,4356942.0,-5.8165995427169666,21.35625568212204
8097,TPEx,11504,38202.0,8.893449632290062,-34.23200082636091
8099,TPEx,11504,360464.0,-28.035297171035555,14.373106150746434
8102,TPEx,11504,32574.0,-40.08056950499421,-16.339634271625233
8107,TPEx,11504,33189.0,-57.246096769206986,-56.33773170378751
8109,TPEx,11504,183743.0,1.069868755431853,20.652566468143227
8111,TPEx,11504,66155.0,2.856121148045648,-7.761914057053624
8121,TPEx,11504,304567.0,-3.404978703025344,38.360931289040316
8147,TPEx,11504,210281.0,26.93912046119948,19.536250667940017
8155,TPEx,11504,538300.0,0.7111332294354152,29.304857279433488
8171,TPEx,11504,52636.0,95.7820345917798,269.89458889669714
8176,TPEx,11504,27323.0,200.91409691629957,41.5992951907131
8182,TPEx,11504,257157.0,3.8871270729391805,14.123097815233454
8183,TPEx,11504,716301.0,2.6876810794305235,12.864271567161474
8227,TPEx,11504,272523.0,79.73605761620851,207.0162789387709
8234,TPEx,11504,474454.0,14.753202275453736,2.406848218120755
8240,TPEx,11504,559928.0,-5.576110382229837,-11.606598784434446
8255,TPEx,11504,678296.0,-6.565522295336238,-11.784160592010716
8272,TPEx,11504,33122.0,12.598585803644275,23.68647074199933
8277,TPEx,11504,8627.0,-0.20821283979178715,-58.954229707869445
8279,TPEx,11504,234352.0,57.16613797774812,-0.8474540415899812
8284,TPEx,11504,260376.0,-2.2363065647387472,15.77309228019315
8289,TPEx,11504,167304.0,3.5617455896007426,-5.726167265842471
8291,TPEx,11504,895.0,78.64271457085829,345.27363184079604
8299,TPEx,11504,20207493.0,10.321131645434448,236.6326033058058
8342,TPEx,11504,148903.0,9.325120042290127,5.8549624289989834
8349,TPEx,11504,1006385.0,-4.561649408669808,2.3761300554308273
8354,TPEx,11504,65801.0,-11.436377829820453,16.476377604304957
8358,TPEx,11504,900770.0,4.656607307384416,35.80621038602332
8383,TPEx,11504,353166.0,-16.602869118602044,38.31476295846633
8390,TPEx,11504,594820.0,11.214984724346438,31.875099767652223
8401,TPEx,11504,137151.0,-2.1754481066468854,6.997917007980902
8403,TPEx,11504,385049.0,-2.735930079822168,8.59145197907413
8409,TPEx,11504,8459.0,-47.66118054696201,-19.315146890499808
8410,TPEx,11504,80021.0,11.03541100072154,-22.944852622557754
8415,TPEx,11504,2493461.0,4.1500268367511035,18.574806965184067
8416,TPEx,11504,145359.0,-18.164314306142785,15.199714693295292
8421,TPEx,11504,124385.0,11.447105520164145,29.276835453562818
8423,TPEx,11504,40156.0,8.986293934048039,3.7676365703653936
8424,TPEx,11504,93927.0,-3.686347695904514,0.6882135391542048
8426,TPEx,11504,193095.0,19.535341529547228,10.094018507221008
8431,TPEx,11504,71817.0,-14.16636787378989,-24.027292922881625
8432,TPEx,11504,108356.0,-0.40991893531368906,27.37275185141648
8433,TPEx,11504,256529.0,3.050181572773725,34.71392936851779
8435,TPEx,11504,52514.0,-7.323874064661866,9.124535045612285
8436,TPEx,11504,605516.0,-0.8990047609773342,14.01467935513269
8437,TPEx,11504,14176.0,-54.89803060672585,-5.3418803418803416
8440,TPEx,11504,83345.0,26.192350785815947,5.4279353353404005
8444,TPEx,11504,140805.0,26.94284168770285,-56.78428820909769
8446,TPEx,11504,108419.0,45.98543094510348,2.5044908764299896
8450,TPEx,11504,18049.0,-80.25359940484005,4.5409788589632205
8455,TPEx,11504,112744.0,-16.51251823493258,-6.6928188958131605
8472,TPEx,11504,39825.0,-15.778454510848878,-11.842833425567239
8477,TPEx,11504,61674.0,98.87781754861179,46.88132606158756
8489,TPEx,11504,162104.0,-9.374807824545908,57.791556753915486
8905,TPEx,11504,199296.0,3.749206117838142,18.635633073397226
8906,TPEx,11504,13773.0,-13.762444430530337,-22.991333519709254
8908,TPEx,11504,918696.0,-5.2867287438039705,-1.2165460586445307
8916,TPEx,11504,615829.0,4.195719006278859,-26.519418101288178
8917,TPEx,11504,281106.0,-5.303050719560179,-0.7937040108697571
8921,TPEx,11504,52529.0,1.2060959867445042,7.267714927506637
8923,TPEx,11504,36697.0,31.173148412925364,40.87140115163148
8924,TPEx,11504,402364.0,2.5013692697652496,30.06251575823792
8927,TPEx,11504,1357699.0,-14.157102039758247,50.67630705716537
8928,TPEx,11504,185113.0,-35.56894439339515,-41.74806469884826
8929,TPEx,11504,64945.0,-5.028954141319607,6.509118341642614
8930,TPEx,11504,119907.0,-12.884242340581658,-14.969223350541782
8931,TPEx,11504,223250.0,-3.7005724046603317,18.804346669221026
8932,TPEx,11504,253621.0,7.6206600979368755,27.186335621762307
8933,TPEx,11504,203604.0,7.8599543352386805,-21.614494103878005
8935,TPEx,11504,40024.0,-45.771346502994334,-9.036363636363637
8936,TPEx,11504,556462.0,-15.737367313254289,9.321551077180589
8937,TPEx,11504,104766.0,26.319977814485693,1247.126141185547
8938,TPEx,11504,1085333.0,-16.538077335082548,-17.961395483138492
8941,TPEx,11504,248157.0,-11.770478164564837,-8.009593570676591
8942,TPEx,11504,250438.0,-16.545981052414103,-45.60071247040424
9949,TPEx,11504,11174.0,24.87706750111757,26.57453556864522
9950,TPEx,11504,148449.0,-26.313046327044212,-2.7431274404465524
9951,TPEx,11504,505137.0,-12.988724330022634,0.5161747352962831
9960,TPEx,11504,73746.0,3.741946374813606,49.32269625609978
9962,TPEx,11504,198479.0,95.87774356545081,-8.388529122606196
